id,movie_id,book_id,page_id
1,1,1,1
2,2,1,1
3,3,1,1
4,4,1,1
5,5,1,2
6,6,1,2
7,7,1,2
8,8,1,2
9,9,1,3
10,10,1,3
11,11,1,3
12,12,1,3
13,13,1,4
14,14,1,4
15,15,1,4
16,16,1,4
17,17,1,5
18,18,1,5
19,19,1,5
20,20,1,5
21,21,1,6
22,22,1,6
23,23,1,6
24,24,1,6
25,25,1,7
26,26,1,7
27,27,1,7
28,28,1,7
29,29,1,8
30,30,1,8
31,31,1,8
32,32,1,8
33,33,1,9
34,34,1,9
35,35,1,9
36,36,1,9
37,37,1,10
38,38,1,10
39,39,1,10
40,40,1,10
41,41,1,11
42,42,1,11
43,43,1,11
44,44,1,11
45,45,1,12
46,46,1,12
47,47,1,12
48,48,1,12
49,49,1,13
50,50,1,13
51,51,1,13
52,52,1,13
53,53,1,14
54,54,1,14
55,55,1,14
56,56,1,14
57,57,1,15
58,58,1,15
59,59,1,15
60,60,1,15
61,61,1,16
62,62,1,16
63,63,1,16
64,64,1,16
65,65,1,17
66,66,1,17
67,67,1,17
68,68,1,17
69,69,1,18
70,70,1,18
71,71,1,18
72,72,1,18
73,73,1,19
74,74,1,19
75,75,1,19
76,76,1,19
77,77,1,20
78,78,1,20
79,79,2,25
80,80,1,20
81,81,1,21
82,82,1,21
83,83,1,21
84,84,1,21
85,85,1,22
86,86,1,22
87,87,1,22
88,88,1,22
89,89,1,23
90,90,1,23
91,91,1,23
92,92,1,23
93,93,1,24
94,94,1,24
95,95,1,24
96,96,1,24
97,97,1,25
98,98,1,25
99,99,1,25
100,100,1,25
101,101,1,26
102,102,1,26
103,103,1,26
104,104,1,26
105,105,1,27
106,106,1,27
107,107,1,27
108,108,1,27
109,113,1,28
110,114,1,28
111,115,1,28
112,116,1,28
113,117,1,29
114,118,1,29
115,119,1,29
116,120,1,29
117,121,1,30
118,122,1,30
119,123,1,30
120,124,1,30
121,125,1,31
122,126,1,31
123,127,1,31
124,128,1,31
125,129,1,32
126,130,1,32
127,131,1,32
128,132,1,33
129,133,1,32
130,134,1,33
131,135,1,34
132,136,1,34
133,137,1,34
134,138,1,34
135,139,1,35
136,140,1,35
137,141,1,35
138,142,1,35
139,143,1,36
140,144,1,36
141,145,1,36
142,146,1,36
143,147,1,37
144,148,1,37
145,149,1,37
146,150,1,37
147,151,1,38
148,152,1,49
149,153,1,49
150,154,1,49
151,155,1,38
152,156,1,38
153,157,1,38
154,158,1,39
155,159,1,39
156,160,1,39
157,521,1,39
158,162,1,40
159,163,1,40
160,164,1,40
161,165,1,40
162,166,1,41
163,167,1,41
164,168,1,41
165,169,1,41
166,170,1,42
167,171,1,42
168,172,1,42
169,173,1,42
170,174,1,43
171,175,1,43
172,176,1,43
173,177,1,43
174,178,1,44
175,179,1,44
176,180,1,45
177,181,1,45
178,182,1,45
179,183,1,45
180,184,1,44
181,185,1,46
182,186,1,46
183,187,1,46
184,188,1,46
185,189,1,47
186,190,1,47
187,191,1,47
188,192,1,47
189,193,1,48
190,194,1,48
191,195,1,48
192,196,1,48
193,197,1,49
194,198,1,50
195,199,1,50
196,200,1,50
197,201,1,50
198,202,1,51
199,203,1,51
200,204,1,51
201,205,1,51
202,206,1,52
203,207,1,52
204,208,1,52
205,209,1,52
206,210,1,44
207,212,1,33
208,213,1,33
209,214,2,1
210,215,2,1
211,216,2,1
212,217,2,1
213,218,2,2
214,219,2,2
215,220,2,2
216,221,2,2
217,222,2,3
218,223,2,3
219,224,2,3
220,225,2,3
221,226,2,4
222,227,2,4
223,228,2,4
224,229,2,4
225,230,2,5
226,231,2,5
227,232,2,5
228,233,2,5
229,234,2,6
230,235,2,6
231,236,2,6
232,237,2,6
233,554,2,7
234,239,2,7
235,240,2,7
236,241,2,7
237,242,2,8
238,243,2,8
239,244,2,8
240,245,2,8
241,246,2,9
242,247,2,9
243,248,2,9
244,249,2,9
245,250,2,10
246,251,2,10
247,252,2,10
248,253,2,10
249,254,2,11
250,255,2,11
251,256,2,11
252,257,2,11
253,258,2,12
254,259,2,12
255,260,2,12
256,261,2,12
257,262,2,13
258,263,2,13
259,264,2,13
260,265,2,13
261,266,2,14
262,267,2,14
263,268,2,14
264,269,2,14
265,270,2,15
266,271,2,15
267,272,2,15
268,273,2,15
269,274,2,16
270,275,2,16
271,276,2,16
272,277,2,16
273,278,2,17
274,279,2,17
275,280,2,17
276,281,2,17
277,282,2,18
278,283,2,18
279,284,2,18
280,285,2,18
281,286,2,19
282,287,2,19
283,288,2,19
284,289,2,19
285,290,2,20
286,291,2,20
287,292,2,20
288,293,2,20
289,294,2,21
290,295,2,21
291,296,2,21
292,297,2,21
293,298,2,22
294,299,2,22
295,300,2,22
296,301,2,22
297,302,2,23
298,303,2,23
299,304,2,23
300,305,2,23
301,306,2,24
302,307,2,24
303,308,2,24
304,309,2,24
305,310,2,25
306,311,2,25
307,312,1,20
308,313,2,25
309,314,2,26
310,315,2,26
311,316,2,26
312,317,2,26
313,318,2,27
314,319,2,27
315,320,2,27
316,321,2,27
317,322,2,28
318,323,2,28
319,324,2,28
320,325,2,28
321,326,2,29
322,327,2,29
323,328,2,29
324,329,2,29
325,330,2,30
326,331,2,30
327,332,2,30
328,333,2,30
329,334,2,31
330,335,2,31
331,336,2,31
332,337,2,31
333,338,2,32
334,339,2,32
335,340,2,32
336,341,2,32
337,342,2,33
338,343,2,33
339,344,2,33
340,345,2,33
341,346,2,34
342,347,2,34
343,348,2,34
344,349,2,34
345,350,2,35
346,351,2,35
347,352,2,35
348,353,2,35
349,354,2,36
350,355,2,36
351,356,2,36
352,357,2,36
353,358,2,37
354,359,2,37
355,360,2,37
356,361,2,38
357,362,2,38
358,363,2,38
359,364,2,38
360,365,2,39
361,366,2,39
362,367,2,39
363,368,2,39
364,369,2,40
365,370,2,40
366,371,2,40
367,372,2,40
368,373,3,1
369,374,3,1
370,375,3,1
371,376,3,1
372,377,3,2
373,378,3,2
374,379,3,2
375,380,3,2
376,381,3,3
377,382,3,3
378,383,3,3
379,384,3,3
380,385,3,4
381,386,3,4
382,387,3,4
383,388,3,4
384,389,3,5
385,390,3,5
386,391,3,5
387,392,3,5
388,393,3,6
389,394,3,6
390,395,3,6
391,396,3,6
392,397,3,7
393,398,3,7
394,399,3,7
395,400,3,7
396,401,3,8
397,402,3,8
398,403,3,8
399,404,3,8
400,405,3,9
401,406,3,9
402,407,3,9
403,408,3,9
404,409,3,10
405,410,3,10
406,411,3,10
407,412,3,10
408,413,3,11
409,414,3,11
410,415,3,11
411,416,3,11
412,417,3,12
413,418,3,12
414,419,3,12
415,420,3,12
416,421,3,13
417,422,3,13
418,423,3,13
419,424,3,13
420,425,3,14
421,426,3,14
422,427,3,14
423,428,3,14
424,429,3,15
425,430,3,15
426,431,3,15
427,432,3,15
428,433,3,16
429,434,3,16
430,435,3,16
431,436,3,16
432,437,3,17
433,438,3,17
434,439,3,17
435,440,3,17
436,441,3,18
437,442,3,18
438,443,3,18
439,444,3,18
440,445,3,19
441,446,3,19
442,447,3,19
443,448,3,19
444,449,3,20
445,450,3,20
446,451,3,20
447,452,3,20
448,453,3,21
449,454,3,21
450,455,3,21
451,456,3,21
452,457,3,22
453,458,3,22
454,459,3,22
455,460,3,22
456,461,3,23
457,462,3,23
458,463,3,23
459,464,3,23
460,465,3,24
461,466,3,24
462,467,3,24
463,468,3,24
464,469,3,25
465,470,3,25
466,471,3,25
467,472,3,25
468,473,3,26
469,474,3,26
470,475,3,26
471,476,3,26
472,477,3,27
473,478,3,27
474,479,3,27
475,480,3,27
476,481,3,28
477,482,3,28
478,483,3,28
479,484,3,28
480,485,3,29
481,486,3,29
482,487,3,29
483,488,3,29
484,489,3,30
485,490,3,30
486,491,3,30
487,492,3,30
488,493,3,31
489,494,3,31
490,495,3,31
491,496,3,31
492,497,3,32
493,498,3,32
494,499,3,32
495,500,3,32
496,501,3,33
497,502,3,33
498,503,3,33
499,504,3,33
500,505,3,34
501,506,3,34
502,507,3,34
503,508,3,34
504,509,3,35
505,510,3,35
506,511,3,35
507,512,3,35
508,513,3,36
509,514,3,36
510,515,3,36
511,516,3,36
512,517,3,37
513,518,3,37
514,519,3,37
515,520,3,37
516,521,3,38
517,522,3,38
518,523,3,38
519,524,3,38
520,525,3,39
521,526,3,39
522,527,3,39
523,528,3,40
524,529,3,40
525,530,3,40
526,531,3,40
527,532,3,39
528,533,4,1
529,534,4,1
530,535,4,1
531,536,4,1
532,537,4,2
533,538,4,2
534,539,4,2
535,540,4,2
536,541,4,3
537,542,4,3
538,543,4,3
539,544,4,3
540,545,4,4
541,546,4,4
542,547,4,4
543,548,4,4
544,549,4,5
545,550,4,5
546,551,4,5
547,552,4,5
548,553,4,6
549,554,4,6
550,555,4,6
551,556,4,6
552,557,4,7
553,558,4,7
554,559,4,7
555,560,4,7
556,561,4,8
557,562,4,8
558,563,4,8
559,564,4,8
560,565,4,9
561,566,4,9
562,567,4,9
563,568,4,9
564,569,4,10
565,570,4,10
566,571,4,10
567,572,4,10
568,573,4,11
569,574,4,11
570,575,4,11
571,576,4,11
572,577,4,12
573,578,4,12
574,579,4,12
575,580,4,12
576,581,4,13
577,582,4,13
578,583,4,13
579,584,4,13
580,585,4,14
581,586,4,14
582,587,4,14
583,588,4,14
584,589,4,15
585,590,4,15
586,591,4,15
587,592,4,15
588,593,4,16
589,594,4,16
590,595,4,16
591,596,4,16
592,597,4,17
593,598,4,17
594,599,4,17
595,600,4,17
596,601,4,18
597,602,4,18
598,603,4,18
599,604,4,18
600,605,4,19
601,606,4,19
602,607,4,19
603,608,4,19
604,609,4,20
605,610,4,20
606,611,4,20
607,612,4,20
608,613,4,21
609,614,4,21
610,615,4,21
611,616,4,21
612,617,4,22
613,618,4,22
614,619,4,22
615,620,4,22
616,621,4,23
617,622,4,23
618,623,4,23
619,624,4,23
620,625,4,24
621,626,4,24
622,627,4,24
623,628,4,24
624,629,4,25
625,630,4,25
626,631,4,25
627,632,4,25
628,633,4,26
629,634,4,26
630,635,4,26
631,635,4,26
632,637,4,27
633,638,4,27
634,639,4,27
635,640,4,27
636,641,4,28
637,642,4,28
638,643,4,28
639,644,4,28
640,645,4,29
641,645,4,29
642,647,4,29
643,648,4,29
644,649,4,30
645,650,4,30
646,651,4,30
647,652,4,30
648,653,4,31
649,654,4,31
650,655,4,31
651,656,4,31
652,657,4,32
653,658,4,32
654,659,4,32
655,660,4,32
656,661,4,33
657,662,4,33
658,663,4,33
659,664,4,33
660,665,4,34
661,666,4,34
662,667,4,34
663,668,4,34
664,669,4,35
665,670,4,35
666,671,4,35
667,672,4,35
668,673,4,36
669,674,4,36
670,675,4,36
671,676,4,36
672,676,4,37
673,676,4,37
674,679,4,37
675,680,4,37
676,681,4,38
677,682,4,38
678,683,4,38
679,684,4,38
680,685,4,39
681,686,4,39
682,360,2,37
683,687,4,39
684,688,4,39
685,689,4,40
686,690,4,40
687,691,4,40
688,692,4,40
689,693,4,41
690,694,4,41
691,695,4,41
692,696,4,41
693,697,4,42
694,698,4,42
695,699,4,42
696,700,4,42
697,701,4,43
698,702,4,43
699,703,4,43
700,704,4,43
701,705,4,44
702,706,4,44
703,707,4,44
704,708,4,44
705,709,4,45
706,710,4,45
707,711,4,45
708,712,4,45
709,713,4,46
710,714,4,46
711,715,4,46
712,716,4,46
713,717,4,47
714,718,4,47
715,719,4,47
716,720,4,47
717,724,4,48
718,725,4,48
719,726,4,48
720,727,4,48
721,728,4,49
722,729,4,49
723,730,4,49
724,731,4,49
725,732,4,50
726,733,4,50
727,734,4,50
728,735,4,50
729,736,4,51
730,737,4,51
731,738,4,51
732,739,4,51
733,740,4,52
734,741,4,52
735,742,4,52
736,743,4,52
